{
    "p_sub_spam": {
        "softwar": 0.16666666666666666,
        "take": 0.16666666666666666,
        "bite": 0.16666666666666666,
        "budget": 0.16666666666666666,
        "tri": 0.16666666666666666,
        "oem": 0.16666666666666666
    },
    "p_sub_ham": {
        "assum": 0.16666666666666666,
        "nymex": 0.16666666666666666,
        "desk": 0.16666666666666666,
        "get": 0.16666666666666666,
        "million": 0.16666666666666666,
        "var": 0.16666666666666666
    },
    "p_body_spam": {
        "draw": 0.08333333333333333,
        "straight": 0.08333333333333333,
        "line": 0.08333333333333333,
        "well": 0.08333333333333333,
        "comput": 0.08333333333333333,
        "may": 0.08333333333333333,
        "weapon": 0.08333333333333333,
        "mass": 0.08333333333333333,
        "destruct": 0.08333333333333333,
        "limp": 0.08333333333333333,
        "still": 0.08333333333333333,
        "walk": 0.08333333333333333
    },
    "p_body_ham": {
        "alloc": 0.125,
        "million": 0.25,
        "ga": 0.125,
        "get": 0.125,
        "seem": 0.125,
        "reason": 0.125,
        "think": 0.125
    }
}